source,target,type,material,quantity_tons_per_year,source_location
Glencore,Umicore,SUPPLIES,Cobalt Hydroxide,5000,DRC
Vulcan Energy,Northvolt,SUPPLIES,Lithium Hydroxide,10000,Germany
BASF,Volkswagen,SUPPLIES,Cathode Materials,20000,Germany
LG Energy Solution,Volkswagen,SUPPLIES,Battery Cells,1500000,Poland
Albemarle,CATL,SUPPLIES,Lithium,8000,Germany
Northvolt,EU Battery Regulation,AFFECTED_BY,,,
Umicore,EU Battery Regulation,AFFECTED_BY,,,
Volkswagen,EU Battery Regulation,AFFECTED_BY,,,
Tesla,Inflation Reduction Act,AFFECTED_BY,,,
